First Name,Last Name,Full Name,Sex,Season,Age,Placement,Starting Tribe,Difficulty
Sonja,Christopher,Sonja Christopher,F,1,63,16,Orange,M
B.B.,Andersen,B.B. Andersen,M,1,64,15,Yellow,M
Stacey,Stillman,Stacey Stillman,F,1,27,14,Orange,H
Ramona,Gray,Ramona Gray,F,1,28,13,Yellow,H
Dirk,Been,Dirk Been,M,1,23,12,Orange,H
Joel,Klug,Joel Klug,M,1,27,11,Yellow,H
Gretchen,Cordy,Gretchen Cordy,F,1,38,10,Yellow,H
Greg,Buis,Greg Buis,M,1,24,9,Yellow,H
Jenna,Lewis,Jenna Lewis,F,1,22,8,Yellow,M
Gervase,Peterson,Gervase Peterson,M,1,30,7,Yellow,E
Colleen,Haskell,Colleen Haskell,F,1,23,6,Yellow,M
Sean,Kenniff,Sean Kenniff,M,1,30,5,Orange,M
Susan,Hawk,Susan Hawk,F,1,38,4,Orange,E
Rudy,Boesch,Rudy Boesch,M,1,72,3,Orange,E
Kelly,Wiglesworth,Kelly Wiglesworth,F,1,22,2,Orange,E
Richard,Hatch,Richard Hatch,M,1,39,1,Orange,E
Debb,Eaton,Debb Eaton,F,2,45,16,Blue,H
Kel,Gleason,Kel Gleason,M,2,32,15,Green,H
Maralyn,Hershey,Maralyn Hershey,F,2,51,14,Green,H
Mitchell,Olson,Mitchell Olson,M,2,23,13,Green,H
Kimmi,Kappenberg,Kimmi Kappenberg,F,2,28,12,Blue,H
Michael,Skupin,Michael Skupin,M,2,38,11,Blue,E
Jeff,Varner,Jeff Varner,M,2,34,10,Blue,E
Alicia,Calaway,Alicia Calaway,F,2,32,9,Blue,E
Jerri,Manthey,Jerri Manthey,F,2,30,8,Green,E
Nick,Brown,Nick Brown,M,2,23,7,Blue,M
Amber,Brkich,Amber Brkich,F,2,22,6,Green,E
Roger,Bingham,Roger Bingham,M,2,53,5,Blue,M
Elisabeth,Filarski,Elisabeth Filarski,F,2,23,4,Blue,M
Keith,Famie,Keith Famie,M,2,40,3,Green,M
Colby,Donaldson,Colby Donaldson,M,2,26,2,Green,E
Tina,Wesson,Tina Wesson,F,2,39,1,Green,E
Diane,Ogden,Diane Ogden,F,3,42,16,Yellow,H
Jessie,Camacho,Jessie Camacho,F,3,25,15,Yellow,H
Carl,Bilancione,Carl Bilancione,M,3,46,14,Red,H
Linda,Spencer,Linda Spencer,F,3,44,13,Red,H
Silas,Gaither,Silas Gaither,M,3,22,12,Red,M
Lindsey,Richter,Lindsey Richter,F,3,26,11,Red,H
Clarence,Black,Clarence Black,M,3,24,10,Yellow,M
Kelly,Goldsmith,Kelly Goldsmith,F,3,22,9,Yellow,M
Brandon,Quinton,Brandon Quinton,M,3,25,8,Red,H
Frank,Garrison,Frank Garrison,M,3,43,7,Red,M
Kim,Powers,Kim Powers,F,3,29,6,Red,M
Teresa,Cooper,Teresa Cooper,F,3,42,5,Red,E
Tom,Buchanan,Tom Buchanan,M,3,45,4,Yellow,E
Lex,van den Berghe,Lex van den Berghe,M,3,38,3,Yellow,E
Kim,Johnson,Kim Johnson,F,3,56,2,Yellow,E
Ethan,Zohn,Ethan Zohn,M,3,27,1,Yellow,E
Peter,Harkey,Peter Harkey,M,4,45,16,Yellow,H
Patricia,Jackson,Patricia Jackson,F,4,49,15,Yellow,H
Hunter,Ellis,Hunter Ellis,M,4,33,14,Yellow,H
Sarah,Jones,Sarah Jones,F,4,24,13,Yellow,H
Gabriel,Cade,Gabriel Cade,M,4,23,12,Green,H
Gina,Crews,Gina Crews,F,4,28,11,Yellow,H
Rob,Mariano,Rob Mariano,M,4,25,10,Yellow,E
John,Carroll,John Carroll,M,4,36,9,Green,M
Zoe,Zanidakis,Zoe Zanidakis,F,4,35,8,Green,M
Tammy,Leitner,Tammy Leitner,F,4,29,7,Green,M
Robert,DeCanio,Robert DeCanio,M,4,38,6,Green,M
Sean,Rector,Sean Rector,M,4,30,5,Yellow,M
Paschal,English,Paschal English,M,4,56,4,Green,E
Kathy,Vavrick-O'Brien,Kathy Vavrick-O'Brien,F,4,46,3,Green,E
Neleh,Dennis,Neleh Dennis,F,4,21,2,Green,E
Vecepia,Towery,Vecepia Towery,F,4,36,1,Yellow,E
John,Raymond,John Raymond,M,5,40,16,Red,H
Tanya,Vance,Tanya Vance,F,5,27,15,Red,H
Jed,Hildebrand,Jed Hildebrand,M,5,25,14,Purple,H
Ghandia,Johnson,Ghandia Johnson,F,5,33,13,Red,H
Stephanie,Dill,Stephanie Dill,F,5,29,12,Purple,H
Robb,Zbacnik,Robb Zbacnik,M,5,23,11,Purple,H
Shii,Ann Huang,Shii Ann Huang,F,5,28,10,Purple,E
Erin,Collins,Erin Collins,F,5,26,9,Purple,M
Ken,Stafford,Ken Stafford,M,5,30,8,Purple,M
Penny,Ramsey,Penny Ramsey,F,5,27,7,Purple,M
Jake,Billingsley,Jake Billingsley,M,5,60,6,Purple,M
Ted,Rogers Jr.,Ted Rogers Jr.,M,5,37,5,Red,M
Helen,Glover,Helen Glover,F,5,47,4,Red,M
Jan,Gentry,Jan Gentry,F,5,53,3,Red,M
Clay,Jordan,Clay Jordan,M,5,46,2,Red,E
Brian,Heidik,Brian Heidik,M,5,34,1,Red,E
Ryan,Aiken,Ryan Aiken,M,6,23,16,Blue,H
Janet,Koth,Janet Koth,F,6,46,15,Yellow,H
Daniel,Lue,Daniel Lue,M,6,26,14,Blue,H
Joanna,Ward,Joanna Ward,F,6,31,13,Yellow,H
Jeanne,Hebert,Jeanne Hebert,F,6,40,12,Yellow,H
Shawna,Mitchell,Shawna Mitchell,F,6,23,11,Yellow,H
Roger,Sexton,Roger Sexton,M,6,56,10,Blue,M
Dave,Johnson,Dave Johnson,M,6,23,9,Blue,M
Deena,Bennett,Deena Bennett,F,6,35,8,Yellow,M
Alex,Bell,Alex Bell,M,6,32,7,Blue,M
Christy,Smith,Christy Smith,F,6,24,6,Yellow,M
Heidi,Strobel,Heidi Strobel,F,6,24,5,Yellow,E
Butch,Lockley,Butch Lockley,M,6,50,4,Blue,E
Rob,Cesternino,Rob Cesternino,M,6,24,3,Blue,E
Matthew,von Ertfelda,Matthew von Ertfelda,M,6,33,2,Blue,E
Jenna,Morasca,Jenna Morasca,F,6,21,1,Yellow,E
Nicole,Delma,Nicole Delma,F,7,24,16,Orange,H
Ryan,Shoulders,Ryan Shoulders,M,7,23,15,Orange,H
Michelle,Tesauro,Michelle Tesauro,F,7,22,14,Blue,H
Trish,Dunn,Trish Dunn,F,7,42,13,Blue,H
Shawn,Cohen,Shawn Cohen,M,7,28,12,Blue,H
Osten,Taylor,Osten Taylor,M,7,27,11,Orange,M
Andrew,Savage,Andrew Savage,M,7,39,10,Orange,E
Ryan,Opray,Ryan Opray,M,7,30,9,Orange,H
Rupert,Boneham,Rupert Boneham,M,7,39,8,Blue,E
Tijuana,Bradley,Tijuana Bradley,F,7,26,7,Orange,M
Christa,Hastie,Christa Hastie,F,7,24,6,Blue,M
Burton,Roberts,Burton Roberts,M,7,31,5,Blue,E
Darrah,Johnson,Darrah Johnson,F,7,22,4,Orange,E
Jonny,Fairplay,Jonny Fairplay,M,7,29,3,Blue,E
Lillian,Morris,Lillian Morris,F,7,51,2,Orange,E
Sandra,Diaz-Twine,Sandra Diaz-Twine,F,7,29,1,Blue,E
Tina,Wesson,Tina Wesson,F,8,43,18,Yellow,E
Rudy,Boesch,Rudy Boesch,M,8,76,17,Yellow,E
Jenna,Morasca,Jenna Morasca,F,8,22,16,Green,E
Rob,Cesternino,Rob Cesternino,M,8,25,15,Red,E
Richard,Hatch,Richard Hatch,M,8,42,14,Green,E
Susan,Hawk,Susan Hawk,F,8,42,13,Red,E
Colby,Donaldson,Colby Donaldson,M,8,29,12,Green,E
Ethan,Zohn,Ethan Zohn,M,8,30,11,Yellow,E
Jerri,Manthey,Jerri Manthey,F,8,33,10,Yellow,E
Lex,van den Berghe,Lex van den Berghe,M,8,40,9,Green,E
Kathy,Vavrick-O'Brien,Kathy Vavrick-O'Brien,F,8,49,8,Green,E
Alicia,Calaway,Alicia Calaway,F,8,35,7,Red,E
Shii,Ann Huang,Shii Ann Huang,F,8,30,6,Green,E
Tom,Buchanan,Tom Buchanan,M,8,48,5,Red,E
Rupert,Boneham,Rupert Boneham,M,8,40,4,Yellow,E
Jenna,Lewis,Jenna Lewis,F,8,26,3,Yellow,E
Rob,Mariano,Rob Mariano,M,8,28,2,Red,E
Amber,Brkich,Amber Brkich,F,8,25,1,Red,E
Brook,Geraghty,Brook Geraghty,F,9,27,18,Red,H
Dolly,Neely,Dolly Neely,F,9,25,17,Yellow,H
John,Palyok,John Palyok,M,9,31,16,Red,H
Mia,Galeotalanza,Mia Galeotalanza,F,9,29,15,Yellow,H
Brady,Finta,Brady Finta,M,9,33,14,Red,H
Travis,Sampson,Travis Sampson,M,9,33,13,Red,H
Lisa,Keiffer,Lisa Keiffer,F,9,44,12,Yellow,H
John,Kenney,John Kenney,M,9,22,11,Red,H
Rory,Freeman,Rory Freeman,M,9,35,10,Red,H
Lea,Masters,Lea Masters,M,9,40,9,Red,H
Chad,Crittenden,Chad Crittenden,M,9,34,8,Red,H
Leann,Slaby,Leann Slaby,F,9,35,7,Yellow,H
Ami,Cusack,Ami Cusack,F,9,31,6,Yellow,H
Julie,Berry,Julie Berry,F,9,23,5,Yellow,H
Eliza,Orlins,Eliza Orlins,F,9,21,4,Yellow,E
Scout,Cloud Lee,Scout Cloud Lee,F,9,59,3,Yellow,E
Twila,Tanner,Twila Tanner,F,9,41,2,Yellow,E
Chris,Daugherty,Chris Daugherty,M,9,33,1,Red,E
Jonathan,Libby,Jonathan Libby,M,10,23,20,None,E
Wanda,Shirk,Wanda Shirk,F,10,55,19,None,E
Jolanda,Jones,Jolanda Jones,F,10,38,18,Blue,H
Ashlee,Ashby,Ashlee Ashby,F,10,22,17,Blue,H
Jeff,Wilson,Jeff Wilson,M,10,21,16,Blue,H
Kim,Mullen,Kim Mullen,F,10,25,15,Blue,H
Willard,Smith,Willard Smith,M,10,56,14,Brown,M
Angie,Jakusz,Angie Jakusz,F,10,24,13,Blue,M
James,Miller,James Miller,M,10,33,12,Blue,H
Ibrehem,Rahman,Ibrehem Rahman,M,10,27,11,Blue,M
Bobby,Jon Drinkard,Bobby Jon Drinkard,M,10,27,10,Blue,E
Coby,Archa,Coby Archa,M,10,32,9,Brown,M
Janu,Tornell,Janu Tornell,F,10,39,8,Brown,M
Stephenie,LaGrossa,Stephenie LaGrossa,F,10,24,7,Blue,E
Gregg,Carey,Gregg Carey,M,10,27,6,Brown,M
Caryn,Groedel,Caryn Groedel,F,10,46,5,Brown,M
Jenn,Lyon,Jenn Lyon,F,10,32,4,Brown,M
Ian,Rosenberger,Ian Rosenberger,M,10,23,3,Brown,E
Katie,Gallagher,Katie Gallagher,F,10,29,2,Brown,E
Tom,Westman,Tom Westman,M,10,40,1,Brown,E
Jim,Lynch,Jim Lynch,M,11,63,18,Yellow,H
Morgan,McDevitt,Morgan McDevitt,F,11,21,17,Blue,H
Brianna,Varela,Brianna Varela,F,11,21,16,Blue,H
Brooke,Struck,Brooke Struck,F,11,25,15,Yellow,H
Blake,Towsley,Blake Towsley,M,11,24,14,Yellow,H
Margaret,Bobonich,Margaret Bobonich,F,11,43,13,Yellow,H
Brian,Corridan,Brian Corridan,M,11,22,12,Blue,H
Amy,O'Hara,Amy O'Hara,F,11,39,11,Blue,H
Brandon,Bellinger,Brandon Bellinger,M,11,22,10,Yellow,H
Bobby,Jon Drinkard,Bobby Jon Drinkard,M,11,28,9,Yellow,E
Jamie,Newton,Jamie Newton,M,11,24,8,Blue,E
Gary,Hogeboom,Gary Hogeboom,M,11,46,7,Blue,E
Judd,Sergeant,Judd Sergeant,M,11,34,6,Yellow,E
Cindy,Hall,Cindy Hall,F,11,34,5,Yellow,M
Lydia,Morales,Lydia Morales,F,11,42,4,Blue,M
Rafe,Judkins,Rafe Judkins,M,11,22,3,Blue,E
Stephenie,LaGrossa,Stephenie LaGrossa,F,11,25,2,Blue,E
Danni,Boatwright,Danni Boatwright,F,11,30,1,Yellow,E
Tina,Scheer,Tina Scheer,F,12,44,16,Purple,H
Melinda,Hyder,Melinda Hyder,F,12,32,15,Purple,H
Misty,Giles,Misty Giles,F,12,24,14,Blue,H
Ruth-Marie,Milliman,Ruth-Marie Milliman,F,12,48,13,Purple,H
Bobby,Mason,Bobby Mason,M,12,32,12,Green,H
Dan,Barry,Dan Barry,M,12,51,11,Orange,H
Nick,Stanbury,Nick Stanbury,M,12,25,10,Green,H
Austin,Carty,Austin Carty,M,12,24,9,Green,H
Sally,Schumann,Sally Schumann,F,12,26,8,Blue,H
Bruce,Kanegai,Bruce Kanegai,M,12,57,7,Orange,H
Courtney,Marit,Courtney Marit,F,12,31,6,Blue,H
Shane,Powers,Shane Powers,M,12,35,5,Orange,E
Cirie,Fields,Cirie Fields,F,12,35,4,Purple,E
Terry,Deitz,Terry Deitz,M,12,46,3,Orange,E
Danielle,DiLorenzo,Danielle DiLorenzo,F,12,24,2,Blue,E
Aras,Baskauskas,Aras Baskauskas,M,12,24,1,Green,E
Sekou,Bunch,Sekou Bunch,M,13,45,20,Yellow,H
Billy,Garcia,Billy Garcia,M,13,36,19,Red,E
Cecilia,Mansilla,Cecilia Mansilla,F,13,29,18,Red,H
J.P.,Calderon,J.P. Calderon,M,13,30,17,Red,H
Stephannie,Favor,Stephannie Favor,F,13,35,16,Yellow,H
Cao,Boi Bui,Cao Boi Bui,M,13,42,15,Green,M
Cristina,Coria,Cristina Coria,F,13,35,14,Red,H
Jessica,Smith,Jessica Smith,F,13,27,13,Blue,H
Brad,Virata,Brad Virata,M,13,29,12,Green,H
Rebecca,Borman,Rebecca Borman,F,13,34,11,Yellow,H
Jenny,Guzon-Bae,Jenny Guzon-Bae,F,13,36,10,Green,H
Nate,Gonzalez,Nate Gonzalez,M,13,25,9,Yellow,H
Candice,Woodcock,Candice Woodcock,F,13,23,8,Blue,E
Jonathan,Penner,Jonathan Penner,M,13,44,7,Blue,E
Parvati,Shallow,Parvati Shallow,F,13,23,6,Blue,E
Adam,Gentry,Adam Gentry,M,13,27,5,Blue,E
Sundra,Oakley,Sundra Oakley,F,13,31,4,Yellow,E
Becky,Lee,Becky Lee,F,13,28,3,Green,E
Ozzy,Lusth,Ozzy Lusth,M,13,25,2,Red,E
Yul,Kwon,Yul Kwon,M,13,31,1,Green,E
Jessica,deBen,Jessica deBen,F,14,27,19,Orange,H
Erica,Durousseau,Erica Durousseau,F,14,26,18,Orange,H
Sylvia,Kwan,Sylvia Kwan,F,14,52,17,Orange,H
Gary,Stritesky,Gary Stritesky,M,14,55,16,Green,H
Liliana,Gomez,Liliana Gomez,F,14,25,15,Green,H
Rita,Verreos,Rita Verreos,F,14,38,14,Orange,H
Anthony,Robinson,Anthony Robinson,M,14,32,13,Orange,H
Rocky,Reid,Rocky Reid,M,14,28,12,Orange,M
Lisi,Linares,Lisi Linares,F,14,36,11,Green,H
Michelle,Yi,Michelle Yi,F,14,22,10,Orange,H
Edgardo,Rivera,Edgardo Rivera,M,14,28,9,Green,E
Mookie,Lee,Mookie Lee,M,14,25,8,Orange,E
Alex,Angarita,Alex Angarita,M,14,28,7,Green,M
Stacy,Kimball,Stacy Kimball,F,14,27,6,Green,M
Boo,Bernis,Boo Bernis,M,14,34,5,Green,M
Yau-Man,Chan,Yau-Man Chan,M,14,54,4,Orange,E
Dreamz,Herd,Dreamz Herd,M,14,24,3,Orange,E
Cassandra,Franklin,Cassandra Franklin,F,14,42,2,Green,E
Earl,Cole,Earl Cole,M,14,35,1,Orange,E
Chicken,Morris,Chicken Morris,M,15,47,16,Yellow,E
Ashley,Massaro,Ashley Massaro,F,15,28,15,Yellow,M
Leslie,Nease,Leslie Nease,F,15,38,14,Red,M
Dave,Cruser,Dave Cruser,M,15,37,13,Yellow,M
Aaron,Reisberger,Aaron Reisberger,M,15,32,12,Red,M
Sherea,Lloyd,Sherea Lloyd,F,15,25,11,Yellow,M
Jaime,Dugan,Jaime Dugan,F,15,22,10,Yellow,M
Jean-Robert,Bellande,Jean-Robert Bellande,M,15,36,9,Red,E
Frosti,Zernow,Frosti Zernow,M,15,20,8,Yellow,M
James,Clement,James Clement,M,15,30,7,Red,E
Erik,Huffman,Erik Huffman,M,15,26,6,Yellow,M
Peih-Gee,Law,Peih-Gee Law,F,15,29,5,Yellow,E
Denise,Martin,Denise Martin,F,15,40,4,Red,M
Amanda,Kimmel,Amanda Kimmel,F,15,22,3,Red,E
Courtney,Yates,Courtney Yates,F,15,26,2,Red,E
Todd,Herzog,Todd Herzog,M,15,22,1,Red,E
Jonny,Fairplay,Jonny Fairplay,M,16,33,20,Purple,E
Mary,Sartain,Mary Sartain,F,16,28,19,Orange,H
Yau-Man,Chan,Yau-Man Chan,M,16,55,18,Purple,E
Mikey,Bortone,Mikey Bortone,M,16,33,17,Orange,H
Joel,Anderson,Joel Anderson,M,16,32,16,Orange,H
Jonathan,Penner,Jonathan Penner,M,16,45,15,Purple,E
Chet,Welch,Chet Welch,M,16,48,14,Orange,M
Kathy,Sleckman,Kathy Sleckman,F,16,45,13,Orange,M
Tracy,Hughes-Wolf,Tracy Hughes-Wolf,F,16,43,12,Orange,H
Ami,Cusack,Ami Cusack,F,16,35,11,Purple,H
Eliza,Orlins,Eliza Orlins,F,16,25,10,Purple,E
Ozzy,Lusth,Ozzy Lusth,M,16,26,9,Purple,E
Jason,Siska,Jason Siska,M,16,22,8,Orange,E
James,Clement,James Clement,M,16,30,7,Purple,E
Alexis,Jones,Alexis Jones,F,16,24,6,Orange,E
Erik,Reichenbach,Erik Reichenbach,M,16,22,5,Orange,E
Natalie,Bolton,Natalie Bolton,F,16,32,4,Orange,E
Cirie,Fields,Cirie Fields,F,16,37,3,Purple,E
Amanda,Kimmel,Amanda Kimmel,F,16,23,2,Purple,E
Parvati,Shallow,Parvati Shallow,F,16,25,1,Purple,E
Michelle,Chase,Michelle Chase,F,17,24,18,Red,H
Gillian,Larson,Gillian Larson,F,17,61,17,Red,H
Paloma,Soto-Castillo,Paloma Soto-Castillo,F,17,23,16,Yellow,H
Jacquie,Berg,Jacquie Berg,F,17,25,15,Yellow,H
G.C.,Brown,G.C. Brown,M,17,25,14,Red,H
Kelly,Czarnecki,Kelly Czarnecki,F,17,22,13,Yellow,H
Ace,Gordon,Ace Gordon,M,17,27,12,Yellow,M
Dan,Kay,Dan Kay,M,17,32,11,Red,M
Marcus,Lehman,Marcus Lehman,M,17,28,10,Yellow,M
Charlie,Herschel,Charlie Herschel,M,17,29,9,Yellow,M
Randy,Bailey,Randy Bailey,M,17,49,8,Red,E
Corinne,Kaplan,Corinne Kaplan,F,17,29,7,Yellow,E
Crystal,Cox,Crystal Cox,F,17,29,6,Red,E
Ken,Hoang,Ken Hoang,M,17,22,5,Red,E
Matty,Whitmore,Matty Whitmore,M,17,29,4,Red,E
Sugar,Kiper,Sugar Kiper,F,17,29,3,Yellow,E
Susie,Smith,Susie Smith,F,17,47,2,Red,E
Bob,Crowley,Bob Crowley,M,17,57,1,Yellow,E
Carolina,Eastwood,Carolina Eastwood,F,18,26,16,Red,H
Candace,Smith,Candace Smith,F,18,31,15,Black,H
Jerry,Sims,Jerry Sims,M,18,49,14,Black,H
Sandy,Burgin,Sandy Burgin,F,18,53,13,Red,H
Spencer,Duhm,Spencer Duhm,M,18,18,12,Red,H
Sydney,Wheeler,Sydney Wheeler,F,18,24,11,Red,H
Joe,Dowdle,Joe Dowdle,M,18,26,10,Red,H
Brendan,Synnott,Brendan Synnott,F,18,30,9,Black,H
Tyson,Apostol,Tyson Apostol,M,18,29,8,Black,E
Sierra,Reed,Sierra Reed,F,18,23,7,Black,E
Debbie,Beebe,Debbie Beebe,F,18,46,6,Black,M
Coach,Wade,Coach Wade,M,18,37,5,Black,E
Taj,Johnson-George,Taj Johnson-George,F,18,37,4,Red,E
Erinn,Lobdell,Erinn Lobdell,F,18,26,3,Black,E
Stephen,Fishbach,Stephen Fishbach,M,18,29,2,Red,E
J.T.,Thomas,J.T. Thomas,M,18,24,1,Red,E
Marisa,Calihan,Marisa Calihan,F,19,25,20,Yellow,H
Mike,Borassi,Mike Borassi,M,19,62,19,Yellow,H
Betsy,Bolan,Betsy Bolan,F,19,48,18,Yellow,H
Ben,Browning,Ben Browning,M,19,28,17,Yellow,H
Yasmin,Giles,Yasmin Giles,F,19,33,16,Purple,H
Ashley,Trainer,Ashley Trainer,F,19,22,15,Yellow,H
Russell,Swan,Russell Swan,M,19,42,14,Purple,E
Liz,Kim,Liz Kim,F,19,33,13,Yellow,H
Erik,Cardona,Erik Cardona,M,19,28,12,Purple,H
Kelly,Sharbaugh,Kelly Sharbaugh,F,19,25,11,Purple,H
Laura,Morett,Laura Morett,F,19,39,10,Purple,E
John,Fincher,John Fincher,M,19,25,9,Purple,E
Dave,Ball,Dave Ball,M,19,37,8,Purple,E
Monica,Padilla,Monica Padilla,F,19,24,7,Purple,E
Shambo,Waters,Shambo Waters,F,19,45,6,Purple,E
Jaison,Robinson,Jaison Robinson,M,19,28,5,Yellow,M
Brett,Clouser,Brett Clouser,M,19,23,4,Purple,M
Mick,Trimming,Mick Trimming,M,19,33,3,Yellow,M
Russell,Hantz,Russell Hantz,M,19,36,2,Yellow,E
Natalie,White,Natalie White,F,19,26,1,Yellow,E
Sugar,Kiper,Sugar Kiper,F,20,30,20,Blue,E
Stephenie,LaGrossa,Stephenie LaGrossa,F,20,30,19,Blue,E
Randy,Bailey,Randy Bailey,M,20,50,18,Red,E
Cirie,Fields,Cirie Fields,F,20,39,17,Blue,E
Tom,Westman,Tom Westman,M,20,46,16,Blue,E
Tyson,Apostol,Tyson Apostol,M,20,30,15,Red,E
James,Clement,James Clement,M,20,32,14,Blue,E
Rob,Mariano,Rob Mariano,M,20,34,13,Red,E
Coach,Wade,Coach Wade,M,20,38,12,Red,E
Courtney,Yates,Courtney Yates,F,20,28,11,Red,E
J.T.,Thomas,J.T. Thomas,M,20,25,10,Blue,E
Amanda,Kimmel,Amanda Kimmel,F,20,25,9,Blue,E
Candice,Woodcock,Candice Woodcock,F,20,27,8,Blue,E
Danielle,DiLorenzo,Danielle DiLorenzo,F,20,28,7,Red,E
Rupert,Boneham,Rupert Boneham,M,20,46,6,Blue,E
Colby,Donaldson,Colby Donaldson,M,20,35,5,Blue,E
Jerri,Manthey,Jerri Manthey,F,20,39,4,Red,E
Russell,Hantz,Russell Hantz,M,20,37,3,Red,E
Parvati,Shallow,Parvati Shallow,F,20,27,2,Red,E
Sandra,Diaz-Twine,Sandra Diaz-Twine,F,20,35,1,Red,E
Wendy,DeSmidt-Kohlhoff,Wendy DeSmidt-Kohlhoff,F,21,48,20,Blue,H
Shannon,Elkins,Shannon Elkins,M,21,30,19,Yellow,H
Jimmy,Johnson,Jimmy Johnson,M,21,66,18,Blue,H
Jimmy,Tarantino,Jimmy Tarantino,M,21,47,17,Blue,H
Tyrone,Davis,Tyrone Davis,M,21,42,16,Blue,H
Kelly,Bruno,Kelly Bruno,F,21,26,15,Yellow,H
Yve,Rojas,Yve Rojas,F,21,41,14,Blue,H
Jill,Behm,Jill Behm,F,21,43,13,Blue,H
Alina,Wilson,Alina Wilson,F,21,23,12,Yellow,H
Marty,Piombo,Marty Piombo,M,21,48,11,Blue,H
Brenda,Lowe,Brenda Lowe,F,21,27,10,Yellow,E
NaOnka,Mixon,NaOnka Mixon,F,21,27,9,Yellow,E
Kelly,Shinn,Kelly Shinn,F,21,20,8,Yellow,E
Benry,Henry,Benry Henry,M,21,24,7,Yellow,M
Jane,Bright,Jane Bright,F,21,56,6,Blue,M
Dan,Lembo,Dan Lembo,M,21,63,5,Blue,M
Holly,Hoffman,Holly Hoffman,F,21,44,4,Blue,M
Sash,Lenahan,Sash Lenahan,M,21,30,3,Yellow,M
Chase,Rice,Chase Rice,M,21,23,2,Yellow,M
Fabio,Birza,Fabio Birza,M,21,21,1,Yellow,E
Francesca,Hogi,Francesca Hogi,F,22,36,18,Orange,E
Russell,Hantz,Russell Hantz,M,22,38,17,Purple,E
Kristina,Kell,Kristina Kell,F,22,45,16,Orange,H
Krista,Klumpp,Krista Klumpp,F,22,25,15,Purple,H
Stephanie,Valencia,Stephanie Valencia,F,22,25,14,Purple,H
Sarita,White,Sarita White,F,22,36,13,Purple,H
David,Murphy,David Murphy,M,22,31,12,Purple,H
Julie,Wolfe,Julie Wolfe,F,22,50,11,Purple,H
Steve,Wright,Steve Wright,M,22,51,10,Purple,M
Ralph,Kiser,Ralph Kiser,M,22,44,9,Purple,M
Grant,Mattos,Grant Mattos,M,22,29,8,Orange,M
Matthew,Elrod,Matthew Elrod,M,22,22,7,Orange,E
Mike,Chiesl,Mike Chiesl,M,22,31,6,Purple,M
Andrea,Boehlke,Andrea Boehlke,F,22,21,5,Orange,E
Ashley,Underwood,Ashley Underwood,F,22,25,4,Orange,E
Natalie,Tenerelli,Natalie Tenerelli,F,22,19,3,Orange,E
Phillip,Sheppard,Phillip Sheppard,M,22,52,2,Orange,E
Rob,Mariano,Rob Mariano,M,22,35,1,Orange,E
Semhar,Tadesse,Semhar Tadesse,F,23,24,18,Red,M
Papa,Bear,Papa Bear,M,23,48,17,Red,M
Stacey,Powell,Stacey Powell,F,23,44,16,Blue,E
Elyse,Umemoto,Elyse Umemoto,F,23,27,15,Red,M
Mikayla,Wingle,Mikayla Wingle,F,23,22,14,Blue,M
Christine,Shields-Markoski,Christine Shields-Markoski,F,23,40,13,Blue,M
Jim,Rice,Jim Rice,M,23,35,12,Red,M
Keith,Tollefson,Keith Tollefson,M,23,26,11,Red,M
Dawn,Meehan,Dawn Meehan,F,23,40,10,Red,M
Whitney,Duncan,Whitney Duncan,F,23,26,9,Red,M
John,Cochran,John Cochran,M,23,24,8,Red,E
Edna,Ma,Edna Ma,F,23,35,7,Blue,M
Brandon,Hantz,Brandon Hantz,M,23,19,6,Blue,E
Rick,Nelson,Rick Nelson,M,23,51,5,Blue,E
Ozzy,Lusth,Ozzy Lusth,M,23,30,4,Red,E
Albert,Destrade,Albert Destrade,M,23,26,3,Blue,E
Coach,Wade,Coach Wade,M,23,39,2,Blue,E
Sophie,Clarke,Sophie Clarke,F,23,21,1,Blue,E
Kourtney,Moon,Kourtney Moon,F,24,29,18,Blue,H
Nina,Acosta,Nina Acosta,F,24,51,17,Blue,H
Matt,Quinlan,Matt Quinlan,M,24,33,16,Orange,H
Bill,Posley,Bill Posley,M,24,28,15,Orange,H
Monica,Culpepper,Monica Culpepper,F,24,41,14,Blue,M
Colton,Cumbie,Colton Cumbie,M,24,21,13,Orange,E
Jonas,Otsuji,Jonas Otsuji,M,24,37,12,Orange,H
Michael,Jefferson,Michael Jefferson,M,24,30,11,Orange,H
Jay,Byars,Jay Byars,M,24,24,10,Orange,M
Leif,Manson,Leif Manson,M,24,27,9,Orange,M
Troyzan,Robertson,Troyzan Robertson,M,24,50,8,Orange,E
Kat,Edorsson,Kat Edorsson,F,24,22,7,Blue,E
Tarzan,Smith,Tarzan Smith,M,24,64,6,Orange,E
Alicia,Rosa,Alicia Rosa,F,24,25,5,Blue,E
Christina,Cha,Christina Cha,F,24,28,4,Blue,E
Chelsea,Meissner,Chelsea Meissner,F,24,26,3,Blue,E
Sabrina,Thompson,Sabrina Thompson,F,24,33,2,Blue,E
Kim,Spradlin,Kim Spradlin,F,24,29,1,Blue,E
Zane,Knight,Zane Knight,M,25,28,18,Blue,E
Roxanne,Morris,Roxanne Morris,F,25,28,17,Blue,H
Angie,Layton,Angie Layton,F,25,20,16,Blue,H
Russell,Swan,Russell Swan,M,25,45,15,Blue,E
Dana,Lambert,Dana Lambert,F,25,32,14,Red,H
Sarah,Dawson,Sarah Dawson,F,25,28,13,Red,H
Katie,Hanson,Katie Hanson,F,25,22,12,Red,H
R.C.,Saint-Amour,R.C. Saint-Amour,F,25,27,11,Yellow,H
Jeff,Kent,Jeff Kent,M,25,44,10,Red,E
Artis,Silvester,Artis Silvester,M,25,53,9,Yellow,M
Pete,Yurkowski,Pete Yurkowski,M,25,24,8,Yellow,M
Jonathan,Penner,Jonathan Penner,M,25,50,7,Red,E
Carter,Williams,Carter Williams,M,25,24,6,Red,E
Abi-Maria,Gomes,Abi-Maria Gomes,F,25,32,5,Yellow,E
Malcolm,Freberg,Malcolm Freberg,M,25,25,4,Blue,E
Michael,Skupin,Michael Skupin,M,25,50,2,Yellow,E
Lisa,Whelchel,Lisa Whelchel,F,25,49,2,Yellow,E
Denise,Stapley,Denise Stapley,F,25,41,1,Blue,E
Francesca,Hogi,Francesca Hogi,F,26,39,20,Purple,E
Allie,Pohevitz,Allie Pohevitz,F,26,25,19,Orange,H
Hope,Driskill,Hope Driskill,F,26,23,18,Orange,H
Shamar,Thomas,Shamar Thomas,M,26,27,17,Orange,H
Laura,Alexander,Laura Alexander,F,26,23,16,Orange,H
Brandon,Hantz,Brandon Hantz,M,26,21,15,Purple,E
Matt,Bischoff,Matt Bischoff,M,26,38,14,Orange,H
Julia,Landauer,Julia Landauer,F,26,21,13,Orange,H
Corinne,Kaplan,Corinne Kaplan,F,26,34,12,Purple,E
Michael,Snow,Michael Snow,M,26,44,11,Orange,E
Phillip,Sheppard,Phillip Sheppard,M,26,54,10,Purple,E
Malcolm,Freberg,Malcolm Freberg,M,26,25,9,Purple,E
Reynold,Toepfer,Reynold Toepfer,M,26,30,8,Orange,E
Andrea,Boehlke,Andrea Boehlke,F,26,23,7,Purple,E
Brenda,Lowe,Brenda Lowe,F,26,30,6,Purple,E
Erik,Reichenbach,Erik Reichenbach,M,26,27,5,Purple,E
Eddie,Fox,Eddie Fox,M,26,23,4,Orange,E
Sherri,Biethman,Sherri Biethman,F,26,41,2,Orange,E
Dawn,Meehan,Dawn Meehan,F,26,42,2,Purple,E
John,Cochran,John Cochran,M,26,26,1,Purple,E
Rupert,Boneham,Rupert Boneham,M,27,49,20,Yellow,E
Colton,Cumbie,Colton Cumbie,M,27,22,19,Yellow,E
Rachel,Foulger,Rachel Foulger,F,27,33,18,Red,H
Marissa,Peterson,Marissa Peterson,F,27,21,17,Red,H
Candice,Woodcock,Candice Woodcock,F,27,30,16,Yellow,E
Brad,Culpepper,Brad Culpepper,M,27,44,15,Red,E
Kat,Edorsson,Kat Edorsson,F,27,24,14,Yellow,E
John,Cody,John Cody,M,27,30,13,Red,E
Laura,Boneham,Laura Boneham,F,27,44,12,Red,E
Aras,Baskauskas,Aras Baskauskas,M,27,31,11,Yellow,E
Vytas,Baskauskas,Vytas Baskauskas,M,27,33,10,Red,E
Caleb,Bankston,Caleb Bankston,M,27,25,9,Red,E
Katie,Collins,Katie Collins,F,27,25,8,Red,E
Hayden,Moss,Hayden Moss,M,27,26,7,Red,E
Laura,Morett,Laura Morett,F,27,44,6,Yellow,E
Ciera,Eastin,Ciera Eastin,F,27,24,5,Red,E
Tina,Wesson,Tina Wesson,F,27,52,4,Yellow,E
Monica,Culpepper,Monica Culpepper,F,27,43,2,Yellow,E
Gervase,Peterson,Gervase Peterson,M,27,43,2,Yellow,E
Tyson,Apostol,Tyson Apostol,M,27,34,1,Yellow,E
David,Samson,David Samson,M,28,45,18,Green,E
Garrett,Adelstein,Garrett Adelstein,M,28,27,17,Green,E
Brice,Johnston,Brice Johnston,M,28,27,16,Purple,E
J'Tia,Taylor,J'Tia Taylor,F,28,31,15,Green,E
Cliff,Robinson,Cliff Robinson,M,28,46,14,Orange,E
Lindsey,Ogle,Lindsey Ogle,F,28,29,13,Orange,H
Alexis,Maxwell,Alexis Maxwell,F,28,21,12,Purple,M
Sarah,Lacina,Sarah Lacina,F,28,29,11,Orange,E
Morgan,McLeod,Morgan McLeod,F,28,21,10,Purple,E
LJ,McKanas,LJ McKanas,M,28,34,9,Purple,E
Jeremiah,Wood,Jeremiah Wood,M,28,34,8,Purple,E
Jefra,Bland,Jefra Bland,F,28,22,7,Purple,E
Tasha,Fox,Tasha Fox,F,28,37,6,Green,E
Trish,Hegarty,Trish Hegarty,F,28,48,5,Orange,E
Spencer,Bledsoe,Spencer Bledsoe,M,28,21,4,Green,E
Kass,McQuillen,Kass McQuillen,F,28,41,3,Green,E
Woo,Hwang,Woo Hwang,M,28,29,2,Orange,E
Tony,Vlachos,Tony Vlachos,M,28,39,1,Orange,E
Nadiya,Anderson,Nadiya Anderson,F,29,28,18,Orange,E
Val,Collins,Val Collins,F,29,35,17,Orange,E
John,Rocker,John Rocker,M,29,39,16,Orange,E
Drew,Christy,Drew Christy,M,29,25,15,Blue,E
Kelley,Wentworth,Kelley Wentworth,F,29,28,14,Blue,E
Dale,Wentworth,Dale Wentworth,M,29,55,13,Orange,E
Julie,McGee,Julie McGee,F,29,34,12,Blue,E
Josh,Canfield,Josh Canfield,M,29,32,11,Orange,E
Jeremy,Collins,Jeremy Collins,M,29,36,10,Blue,E
Wes,Nale,Wes Nale,M,29,23,9,Orange,E
Reed,Kelly,Reed Kelly,M,29,31,8,Blue,E
Alec,Christy,Alec Christy,M,29,22,7,Orange,E
Jon,Misch,Jon Misch,M,29,26,6,Blue,E
Baylor,Wilson,Baylor Wilson,F,29,20,5,Orange,E
Keith,Nale,Keith Nale,M,29,53,4,Blue,E
Missy,Payne,Missy Payne,F,29,47,3,Blue,E
Jaclyn,Schultz,Jaclyn Schultz,F,29,25,2,Orange,E
Natalie,Anderson,Natalie Anderson,F,29,28,1,Blue,E
So,Kim,So Kim,F,30,31,18,Yellow,H
Vince,Sly,Vince Sly,M,30,32,17,Red,H
Nina,Poersch,Nina Poersch,F,30,51,16,Red,H
Lindsey,Cascaddan,Lindsey Cascaddan,F,30,24,15,Blue,H
Max,Dawson,Max Dawson,M,30,37,14,Yellow,H
Joaquin,Souberbielle,Joaquin Souberbielle,M,30,27,13,Yellow,H
Kelly,Remington,Kelly Remington,F,30,44,12,Blue,H
Hali,Ford,Hali Ford,F,30,25,11,Red,E
Joe,Anglim,Joe Anglim,M,30,25,10,Red,E
Jenn,Brown,Jenn Brown,F,30,22,9,Red,H
Shirin,Oskooi,Shirin Oskooi,F,30,31,8,Yellow,E
Tyler,Fredrickson,Tyler Fredrickson,M,30,33,7,Yellow,N
Dan,Foley,Dan Foley,M,30,47,6,Blue,E
Sierra,Thomas,Sierra Thomas,F,30,27,5,Blue,E
Rodney,Lavoie Jr.,Rodney Lavoie Jr.,M,30,24,4,Blue,E
Carolyn,Rivera,Carolyn Rivera,F,30,52,2,Yellow,E
Will,Sims II,Will Sims II,M,30,41,2,Red,E
Mike,Holloway,Mike Holloway,M,30,38,1,Blue,E
Vytas,Baskauskas,Vytas Baskauskas,M,31,36,20,Green,E
Shirin,Oskooi,Shirin Oskooi,F,31,33,19,Green,E
Peih-Gee,Law,Peih-Gee Law,F,31,38,18,Green,E
Jeff,Varner,Jeff Varner,M,31,50,17,Green,E
Monica,Padilla,Monica Padilla,F,31,32,16,Pink,E
Terry,Deitz,Terry Deitz,M,31,56,15,Green,E
Woo,Hwang,Woo Hwang,M,31,32,14,Green,E
Kass,McQuillen,Kass McQuillen,F,31,44,13,Pink,E
Andrew,Savage,Andrew Savage,M,31,53,12,Pink,E
Kelly,Wiglesworth,Kelly Wiglesworth,F,31,39,11,Green,E
Ciera,Eastin,Ciera Eastin,F,31,27,10,Pink,E
Stephen,Fishbach,Stephen Fishbach,M,31,37,9,Pink,E
Joe,Anglim,Joe Anglim,M,31,27,8,Pink,E
Abi-Maria,Gomes,Abi-Maria Gomes,F,31,36,7,Green,E
Kimmi,Kappenberg,Kimmi Kappenberg,F,31,43,6,Pink,E
Keith,Nale,Keith Nale,M,31,56,5,Pink,E
Kelley,Wentworth,Kelley Wentworth,F,31,30,4,Green,E
Spencer,Bledsoe,Spencer Bledsoe,M,31,24,2,Green,E
Tasha,Fox,Tasha Fox,F,31,40,2,Pink,E
Jeremy,Collins,Jeremy Collins,M,31,38,1,Pink,E
Darnell,Hamilton,Darnell Hamilton,M,32,27,18,Red,H
Jennifer,Lanzetti,Jennifer Lanzetti,F,32,38,17,Red,H
Liz,Markham,Liz Markham,F,32,28,16,Blue,H
Caleb,Reynolds,Caleb Reynolds,M,32,28,15,Yellow,M
Alecia,Holden,Alecia Holden,F,32,24,14,Red,H
Anna,Khait,Anna Khait,F,32,27,13,Yellow,H
Peter,Baggenstos,Peter Baggenstos,M,32,35,12,Blue,H
Neal,Gottlieb,Neal Gottlieb,M,32,39,11,Blue,M
Nick,Maiorano,Nick Maiorano,M,32,18,10,Yellow,H
Debbie,Wanner,Debbie Wanner,F,32,50,9,Blue,E
Scot,Pollard,Scot Pollard,M,32,41,8,Red,E
Julia,Sokolowski,Julia Sokolowski,F,32,19,7,Yellow,M
Kyle,Jason,Kyle Jason,M,32,31,6,Red,M
Joe,del Campo,Joe del Campo,M,32,72,5,Blue,M
Cydney,Gillon,Cydney Gillon,F,32,23,4,Red,H
Tai,Trang,Tai Trang,M,32,51,3,Yellow,E
Aubry,Bracco,Aubry Bracco,F,32,29,2,Blue,E
Michele,Fitzgerald,Michele Fitzgerald,F,32,25,1,Yellow,E
Rachel,Ako,Rachel Ako,F,33,38,20,Purple,H
Mari,Takahashi,Mari Takahashi,F,33,31,19,Orange,H
Paul,Wachter,Paul Wachter,M,33,18,18,Purple,H
Lucy,Huang,Lucy Huang,F,33,18,17,Purple,H
CeCe,Taylor,CeCe Taylor,F,33,18,16,Purple,H
Figgy,Figueroa,Figgy Figueroa,F,33,18,15,Orange,H
Michaela,Bradshaw,Michaela Bradshaw,F,33,18,14,Orange,E
Michelle,Schubert,Michelle Schubert,F,33,18,13,Orange,H
Taylor,Stocker,Taylor Stocker,M,33,18,12,Orange,H
Chris,Hammons,Chris Hammons,M,33,18,11,Purple,H
Jessica,Lewis,Jessica Lewis,F,33,18,10,Purple,M
Zeke,Smith,Zeke Smith,M,33,18,9,Orange,E
Will,Wahl,Will Wahl,M,33,18,8,Orange,E
Sunday,Burquest,Sunday Burquest,F,33,18,7,Purple,E
Jay,Starrett,Jay Starrett,M,33,18,6,Orange,E
Bret,LaBelle,Bret LaBelle,M,33,18,5,Purple,E
David,Wright,David Wright,M,33,18,4,Purple,E
Ken,McNickle,Ken McNickle,M,33,18,2,Purple,E
Hannah,Shapiro,Hannah Shapiro,F,33,18,2,Orange,E
Adam,Klein,Adam Klein,M,33,18,1,Orange,E
Ciera,Eastin,Ciera Eastin,F,34,28,20,Red,E
Tony,Vlachos,Tony Vlachos,M,34,43,19,Red,E
Caleb,Reynolds,Caleb Reynolds,M,34,28,18,Red,E
Malcolm,Freberg,Malcolm Freberg,M,34,29,17,Red,E
J.T.,Thomas,J.T. Thomas,M,34,32,16,Blue,E
Sandra,Diaz-Twine,Sandra Diaz-Twine,F,34,42,15,Red,E
Jeff,Varner,Jeff Varner,M,34,50,14,Red,E
Hali,Ford,Hali Ford,F,34,27,13,Red,E
Ozzy,Lusth,Ozzy Lusth,M,34,34,12,Blue,E
Debbie,Wanner,Debbie Wanner,F,34,51,11,Blue,E
Zeke,Smith,Zeke Smith,M,34,28,10,Blue,E
Sierra,Thomas,Sierra Thomas,F,34,30,9,Blue,E
Andrea,Boehlke,Andrea Boehlke,F,34,27,8,Blue,E
Michaela,Bradshaw,Michaela Bradshaw,F,34,26,7,Red,E
Cirie,Fields,Cirie Fields,F,34,46,6,Blue,E
Aubry,Bracco,Aubry Bracco,F,34,30,5,Red,E
Tai,Trang,Tai Trang,M,34,52,4,Blue,E
Troyzan,Robertson,Troyzan Robertson,M,34,54,3,Red,E
Brad,Culpepper,Brad Culpepper,M,34,47,2,Blue,H
Sarah,Lacina,Sarah Lacina,F,34,33,1,Blue,E
Katrina,Radke,Katrina Radke,F,35,46,18,Blue,H
Simone,Nguyen,Simone Nguyen,F,35,25,17,Red,H
Patrick,Bolton,Patrick Bolton,M,35,25,16,Red,H
Alan,Ball,Alan Ball,M,35,32,15,Blue,H
Roark,Luskin,Roark Luskin,F,35,27,14,Yellow,H
Ali,Elliott,Ali Elliott,F,35,24,13,Red,H
Jessica,Johnston,Jessica Johnston,F,35,29,12,Yellow,H
Desi,Williams,Desi Williams,F,35,27,11,Yellow,H
Cole,Medders,Cole Medders,M,35,24,10,Yellow,M
JP,Hilsabeck,JP Hilsabeck,M,35,28,9,Blue,M
Joe,Mena,Joe Mena,M,35,34,8,Yellow,M
Lauren,Rimmer,Lauren Rimmer,F,35,35,7,Red,M
Ashley,Nolan,Ashley Nolan,F,35,26,6,Blue,M
Mike,Zahalsky,Mike Zahalsky,M,35,43,5,Yellow,E
Devon,Pinto,Devon Pinto,M,35,24,4,Red,E
Ryan,Ulrich,Ryan Ulrich,M,35,23,3,Red,E
Chrissy,Hofbeck,Chrissy Hofbeck,F,35,46,2,Blue,E
Ben,Driebergen,Ben Driebergen,M,35,34,1,Blue,E
Domenick,Abbate,Domenick Abbate,M,36,38,2,Purple,E
Desiree,Afuye,Desiree Afuye,F,36,21,11,Purple,M
Kellyn,Bechtold,Kellyn Bechtold,F,36,30,7,Purple,M
Jenna,Bowman,Jenna Bowman,F,36,23,10,Orange,M
Jacob,Derwin,Jacob Derwin,M,36,22,19,Orange,E
Stephanie,Gonzalez,Stephanie Gonzalez,F,36,26,20,Orange,H
Wendell,Holland,Wendell Holland,M,36,33,1,Purple,E
Donathan,Hurley,Donathan Hurley,M,36,25,5,Orange,E
Laurel,Johnson,Laurel Johnson,F,36,29,3,Orange,E
Stephanie,Johnson,Stephanie Johnson,F,36,34,16,Orange,H
Bradley,Kleihege,Bradley Kleihege,M,36,26,14,Purple,H
James,Lim,James Lim,M,36,24,15,Orange,H
Chris,Noble,Chris Noble,M,36,27,13,Purple,M
Sebastian,Noel,Sebastian Noel,M,36,22,6,Purple,E
Angela,Perkins,Angela Perkins,F,36,42,4,Purple,E
Morgan,Ricke,Morgan Ricke,F,36,29,18,Purple,H
Brendan,Shapiro,Brendan Shapiro,M,36,40,17,Orange,H
Chelsea,Townsend,Chelsea Townsend,F,36,25,8,Purple,M
Libby,Vincek,Libby Vincek,F,36,24,12,Orange,H
Michael,Yerger,Michael Yerger,M,36,18,9,Orange,M
Pat,Cusack,Pat Cusack,M,37,41,20,Orange,M
Jessica,Peet,Jessica Peet,F,37,19,19,Orange,H
Jeremy,Crawford,Jeremy Crawford,M,37,39,18,Purple,H
Bi,Nguyen,Bi Nguyen,F,37,28,17,Orange,H
Natalia,Azoqa,Natalia Azoqa,F,37,25,16,Purple,H
Natalie,Cole,Natalie Cole,F,37,57,15,Purple,H
Lyrsa,Torres,Lyrsa Torres,F,37,36,14,Orange,H
Elizabeth,Olson,Elizabeth Olson,F,37,31,13,Orange,M
John,Hennigan,John Hennigan,M,37,38,12,Purple,M
Dan,Rengering,Dan Rengering,M,37,27,11,Purple,M
Alec,Merlino,Alec Merlino,M,37,24,10,Purple,M
Carl,Boudreaux,Carl Boudreaux,M,37,41,9,Orange,M
Gabby,Pascuzzi,Gabby Pascuzzi,F,37,25,8,Orange,E
Christian,Hubicki,Christian Hubicki,M,37,32,7,Orange,E
Davie,Rickenbacker,Davie Rickenbacker,M,37,30,6,Orange,E
Alison,Raybould,Alison Raybould,F,37,28,5,Purple,E
Kara,Kay,Kara Kay,F,37,30,4,Purple,E
Angelina,Keeley,Angelina Keeley,F,37,28,3,Purple,E
Mike,White,Mike White,M,37,47,2,Purple,E
Nick,Wilson,Nick Wilson,M,37,27,1,Orange,E
Reem,Daly,Reem Daly,F,38,46,18,Blue,E
Keith,Sowell,Keith Sowell,M,38,19,17,Blue,H
Aubry,Bracco,Aubry Bracco,F,38,32,16,Yellow,E
Wendy,Diaz,Wendy Diaz,F,38,25,15,Blue,E
Joe,Anglim,Joe Anglim,M,38,29,14,Yellow,E
Eric,Hafemann,Eric Hafemann,M,38,35,13,Yellow,H
Julia,Carter,Julia Carter,F,38,25,12,Yellow,H
David,Wright,David Wright,M,38,44,11,Blue,E
Kelley,Wentworth,Kelley Wentworth,F,38,31,10,Blue,E
Wardog,DaSilva,Wardog DaSilva,M,38,38,9,Blue,E
Ron,Clark,Ron Clark,M,38,46,8,Yellow,E
Aurora,McCreary,Aurora McCreary,F,38,32,7,Yellow,M
Victoria,Baamonde,Victoria Baamonde,F,38,23,6,Yellow,E
Lauren,O’Connell,Lauren O’Connell,F,38,21,5,Blue,E
Rick,Devens,Rick Devens,M,38,34,4,Blue,E
Julie,Rosenberg,Julie Rosenberg,F,38,46,3,Yellow,E
Gavin,Whitson,Gavin Whitson,M,38,23,2,Yellow,E
Chris,Underwood,Chris Underwood,M,38,25,1,Blue,E
Ronnie,Bardah,Ronnie Bardah,M,39,36,20,Orange,H
Molly,Byman,Molly Byman,F,39,28,19,Purple,H
Vince,Moua,Vince Moua,M,39,27,18,Orange,H
Chelsea,Walker,Chelsea Walker,F,39,27,17,Orange,H
Tom,Laidlaw,Tom Laidlaw,M,39,60,16,Orange,H
Jason,Linden,Jason Linden,M,39,32,15,Purple,M
Jack,Nichting,Jack Nichting,M,39,23,14,Purple,M
Kellee,Kim,Kellee Kim,F,39,29,13,Purple,E
Jamal,Shipman,Jamal Shipman,M,39,33,12,Purple,E
Aaron,Meredith,Aaron Meredith,M,39,36,11,Orange,M
Missy,Byrd,Missy Byrd,F,39,24,10,Orange,M
Elizabeth,Beisel,Elizabeth Beisel,M,39,26,9,Orange,M
Karishma,Patel,Karishma Patel,F,39,37,8,Orange,M
Elaine,Stott,Elaine Stott,F,39,41,7,Orange,E
Dan,Spilo,Dan Spilo,M,39,48,6,Purple,E
Janet,Carbin,Janet Carbin,F,39,59,5,Purple,E
Lauren,Beck,Lauren Beck,F,39,29,4,Purple,E
Noura,Salman,Noura Salman,F,39,36,3,Purple,E
Dean,Kowalski,Dean Kowalski,M,39,28,2,Orange,E
Tommy,Sheehan,Tommy Sheehan,M,39,26,1,Purple,E
Amber,Mariano,Amber Mariano,F,40,40,20,Red,E
Danni,Boatwright,Danni Boatwright,F,40,43,19,Blue,E
Ethan,Zohn,Ethan Zohn,M,40,45,18,Blue,E
Rob,Mariano,Rob Mariano,M,40,43,17,Blue,E
Sandra,Diaz-Twine,Sandra Diaz-Twine,F,40,44,16,Red,E
Parvati,Shallow,Parvati Shallow,F,40,36,15,Blue,E
Yul,Kwon,Yul Kwon,M,40,44,14,Red,E
Wendell,Holland,Wendell Holland,M,40,35,13,Red,E
Adam,Klein,Adam Klein,M,40,28,12,Blue,E
Tyson,Apostol,Tyson Apostol,M,40,39,11,Red,E
Sophie,Clarke,Sophie Clarke,F,40,29,10,Red,E
Kim,Spradlin,Kim Spradlin,F,40,36,9,Red,E
Jeremy,Collins,Jeremy Collins,M,40,41,8,Blue ,E
Nick,Wilson,Nick Wilson,M,40,28,7,Red,E
Denise,Stapley,Denise Stapley,F,40,48,6,Blue,E
Ben,Driebergen,Ben Driebergen,M,40,36,5,Blue,E
Sarah,Lacina,Sarah Lacina,F,40,34,4,Red,E
Michele,Fitzgerald,Michele Fitzgerald,F,40,29,3,Blue,E
Natalie,Anderson,Natalie Anderson,F,40,33,2,Blue,E
Tony,Vlachos,Tony Vlachos,M,40,45,1,Red,E
Eric,Abraham,Eric Abraham,M,41,50,18,Yellow,H
Sara,Wilson,Sara Wilson,F,41,23,17,Green,H
David,Voce,David Voce,M,41,34,16,Yellow,E
Brad,Reese,Brad Reese,M,41,49,15,Green,M
JD,Robinson,JD Robinson,M,41,20,14,Green,M
Genie,Chen,Genie Chen,F,41,46,13,Green,M
Sydney,Segal,Sydney Segal,F,41,25,12,Blue,E
Tiffany,Seely,Tiffany Seely,F,41,47,11,Yellow,E
Naseer,Muttalif,Naseer Muttalif,M,41,36,10,Blue,E
Evvie,Jagoda,Evvie Jagoda,F,41,28,9,Yellow,E
Shan,Smith,Shan Smith,F,41,34,8,Green,E
Liana,Wallace,Liana Wallace,F,41,20,7,Yellow,E
Danny,McCray,Danny McCray,M,41,33,6,Blue,E
Ricard,Foye,Ricard Foye,M,41,31,5,Green,E
Heather,Aldret,Heather Aldret,F,41,52,4,Blue,E
Xander,Hastings,Xander Hastings,M,41,20,3,Yellow,E
Deshawn,Radden,Deshawn Radden,M,41,25,2,Blue,E
Erika,Casupanan,Erika Casupanan,F,41,31,1,Blue,E